State,City,Number of Showrooms,Dealer URL
Andhra Pradesh,Anantapur,1,https://www.bikewale.com/dealer-showrooms/ather/anantapur/
Andhra Pradesh,Bhimavaram,1,https://www.bikewale.com/dealer-showrooms/ather/bhimavaram/
Andhra Pradesh,Guntur,1,https://www.bikewale.com/dealer-showrooms/ather/guntur/
Andhra Pradesh,Kakinada,1,https://www.bikewale.com/dealer-showrooms/ather/kakinada/
Andhra Pradesh,Kurnool,1,https://www.bikewale.com/dealer-showrooms/ather/kurnool/
Andhra Pradesh,Nellore,1,https://www.bikewale.com/dealer-showrooms/ather/nellore/
Andhra Pradesh,Rajahumundry,1,https://www.bikewale.com/dealer-showrooms/ather/rajahumundry/
Andhra Pradesh,Srikakulam,1,https://www.bikewale.com/dealer-showrooms/ather/srikakulam/
Andhra Pradesh,Tirupati,1,https://www.bikewale.com/dealer-showrooms/ather/tirupati/
Andhra Pradesh,Vijaywada,1,https://www.bikewale.com/dealer-showrooms/ather/vijaywada/
Andhra Pradesh,Visakhapatnam,2,https://www.bikewale.com/dealer-showrooms/ather/visakhapatnam/
Assam,Guwahati,1,https://www.bikewale.com/dealer-showrooms/ather/guwahati/
Bihar,Patna,1,https://www.bikewale.com/dealer-showrooms/ather/patna/
Chhattisgarh,Raipur,2,https://www.bikewale.com/dealer-showrooms/ather/raipur/
Delhi,Delhi,8,https://www.bikewale.com/dealer-showrooms/ather/delhi/
Goa,Margao,1,https://www.bikewale.com/dealer-showrooms/ather/margao/
Goa,Porvorim,1,https://www.bikewale.com/dealer-showrooms/ather/porvorim/
Gujarat,Ahmedabad,4,https://www.bikewale.com/dealer-showrooms/ather/ahmedabad/
Gujarat,Anand,1,https://www.bikewale.com/dealer-showrooms/ather/anand/
Gujarat,Bardoli,1,https://www.bikewale.com/dealer-showrooms/ather/bardoli/
Gujarat,Bharuch,1,https://www.bikewale.com/dealer-showrooms/ather/bharuch/
Gujarat,Bhavnagar,1,https://www.bikewale.com/dealer-showrooms/ather/bhavnagar/
Gujarat,Gandhidham,1,https://www.bikewale.com/dealer-showrooms/ather/gandhidham/
Gujarat,Gandhinagar,1,https://www.bikewale.com/dealer-showrooms/ather/gandhinagar/
Gujarat,Jamnagar,1,https://www.bikewale.com/dealer-showrooms/ather/jamnagar/
Gujarat,Junagadh,1,https://www.bikewale.com/dealer-showrooms/ather/junagadh/
Gujarat,Mehsana,1,https://www.bikewale.com/dealer-showrooms/ather/mehsana/
Gujarat,Morbi,1,https://www.bikewale.com/dealer-showrooms/ather/morbi/
Gujarat,Navsari,1,https://www.bikewale.com/dealer-showrooms/ather/navsari/
Gujarat,Rajkot,1,https://www.bikewale.com/dealer-showrooms/ather/rajkot/
Gujarat,Surat,4,https://www.bikewale.com/dealer-showrooms/ather/surat/
Gujarat,Vadodara,1,https://www.bikewale.com/dealer-showrooms/ather/vadodara/
Gujarat,Vapi,1,https://www.bikewale.com/dealer-showrooms/ather/vapi/
Gujarat,Veraval,1,https://www.bikewale.com/dealer-showrooms/ather/veraval/
Haryana,Ambala Cantt,1,https://www.bikewale.com/dealer-showrooms/ather/ambalacantt/
Haryana,Gurgaon,1,https://www.bikewale.com/dealer-showrooms/ather/gurgaon/
Haryana,Rohtak,1,https://www.bikewale.com/dealer-showrooms/ather/rohtak/
Haryana,Sonipat,1,https://www.bikewale.com/dealer-showrooms/ather/sonipat/
Jammu & Kashmir,Jammu,1,https://www.bikewale.com/dealer-showrooms/ather/jammu/
Jammu & Kashmir,Srinagar,1,https://www.bikewale.com/dealer-showrooms/ather/srinagar/
Jharkhand,Jamshedpur,1,https://www.bikewale.com/dealer-showrooms/ather/jamshedpur/
Jharkhand,Ranchi,1,https://www.bikewale.com/dealer-showrooms/ather/ranchi/
Karnataka,Bangalore,11,https://www.bikewale.com/dealer-showrooms/ather/bangalore/
Karnataka,Belgaum,1,https://www.bikewale.com/dealer-showrooms/ather/belgaum/
Karnataka,Bellary,1,https://www.bikewale.com/dealer-showrooms/ather/bellary/
Karnataka,Bijapur,1,https://www.bikewale.com/dealer-showrooms/ather/bijapur/
Karnataka,Chitradurga,1,https://www.bikewale.com/dealer-showrooms/ather/chitradurga/
Karnataka,Davanagere,1,https://www.bikewale.com/dealer-showrooms/ather/davangere/
Karnataka,Gulbarga,1,https://www.bikewale.com/dealer-showrooms/ather/gulbarga/
Karnataka,Hassan,1,https://www.bikewale.com/dealer-showrooms/ather/hassan/
Karnataka,Hubli,1,https://www.bikewale.com/dealer-showrooms/ather/hubli/
Karnataka,Mandya,1,https://www.bikewale.com/dealer-showrooms/ather/mandya/
Karnataka,Mangalore,1,https://www.bikewale.com/dealer-showrooms/ather/mangalore/
Karnataka,Mysore,2,https://www.bikewale.com/dealer-showrooms/ather/mysore/
Karnataka,Puttur,1,https://www.bikewale.com/dealer-showrooms/ather/puttur/
Karnataka,Raichur,1,https://www.bikewale.com/dealer-showrooms/ather/raichur/
Karnataka,Ramanagara,1,https://www.bikewale.com/dealer-showrooms/ather/ramanagara/
Karnataka,Shimoga,1,https://www.bikewale.com/dealer-showrooms/ather/shimoga/
Karnataka,Tumkur,1,https://www.bikewale.com/dealer-showrooms/ather/tumkur/
Karnataka,Udupi,1,https://www.bikewale.com/dealer-showrooms/ather/udupi/
Kerala,Alappuzha,1,https://www.bikewale.com/dealer-showrooms/ather/alappuzha/
Kerala,Kannur,1,https://www.bikewale.com/dealer-showrooms/ather/kannur/
Kerala,Kasaragod,1,https://www.bikewale.com/dealer-showrooms/ather/kasaragod/
Kerala,Kochi,2,https://www.bikewale.com/dealer-showrooms/ather/kochi/
Kerala,Kollam,1,https://www.bikewale.com/dealer-showrooms/ather/kollam/
Kerala,Kottayam,1,https://www.bikewale.com/dealer-showrooms/ather/kottayam/
Kerala,Kozhikode,2,https://www.bikewale.com/dealer-showrooms/ather/kozhikode/
Kerala,Malappuram,2,https://www.bikewale.com/dealer-showrooms/ather/malappuram/
Kerala,Palakkad,1,https://www.bikewale.com/dealer-showrooms/ather/palakkad/
Kerala,Thiruvananthapuram,2,https://www.bikewale.com/dealer-showrooms/ather/thiruvananthapuram/
Kerala,Thrissur,1,https://www.bikewale.com/dealer-showrooms/ather/thrissur/
Kerala,Tirur,1,https://www.bikewale.com/dealer-showrooms/ather/tirur/
Madhya Pradesh,Bhopal,1,https://www.bikewale.com/dealer-showrooms/ather/bhopal/
Madhya Pradesh,Chhindwara,1,https://www.bikewale.com/dealer-showrooms/ather/chhindwara/
Madhya Pradesh,Gwalior,1,https://www.bikewale.com/dealer-showrooms/ather/gwalior/
Madhya Pradesh,Indore,1,https://www.bikewale.com/dealer-showrooms/ather/indore/
Madhya Pradesh,Jabalpur,1,https://www.bikewale.com/dealer-showrooms/ather/jabalpur/
Maharashtra,Ahmednagar,1,https://www.bikewale.com/dealer-showrooms/ather/ahmednagar/
Maharashtra,Akluj,1,https://www.bikewale.com/dealer-showrooms/ather/akluj/
Maharashtra,Akola,1,https://www.bikewale.com/dealer-showrooms/ather/akola/
Maharashtra,Amravati,1,https://www.bikewale.com/dealer-showrooms/ather/amravati/
Maharashtra,Aurangabad,1,https://www.bikewale.com/dealer-showrooms/ather/aurangabad-maharashtra/
Maharashtra,Baramati,2,https://www.bikewale.com/dealer-showrooms/ather/baramati/
Maharashtra,Dhule,1,https://www.bikewale.com/dealer-showrooms/ather/dhule/
Maharashtra,Kolhapur,2,https://www.bikewale.com/dealer-showrooms/ather/kolhapur/
Maharashtra,Latur,1,https://www.bikewale.com/dealer-showrooms/ather/latur/
Maharashtra,Mumbai,1,https://www.bikewale.com/dealer-showrooms/ather/mumbai/
Maharashtra,Nagpur,2,https://www.bikewale.com/dealer-showrooms/ather/nagpur/
Maharashtra,Nanded,2,https://www.bikewale.com/dealer-showrooms/ather/nanded/
Maharashtra,Nandurbar,1,https://www.bikewale.com/dealer-showrooms/ather/nandurbar/
Maharashtra,Nashik,3,https://www.bikewale.com/dealer-showrooms/ather/nashik/
Maharashtra,Panvel,1,https://www.bikewale.com/dealer-showrooms/ather/panvel/
Maharashtra,Pune,7,https://www.bikewale.com/dealer-showrooms/ather/pune/
Maharashtra,Sangli,1,https://www.bikewale.com/dealer-showrooms/ather/sangli/
Maharashtra,Satara,1,https://www.bikewale.com/dealer-showrooms/ather/satara/
Maharashtra,Solapur,3,https://www.bikewale.com/dealer-showrooms/ather/solapur/
Maharashtra,Thane,1,https://www.bikewale.com/dealer-showrooms/ather/thane/
Maharashtra,Ulhasnagar,1,https://www.bikewale.com/dealer-showrooms/ather/ulhasnagar/
Maharashtra,Vasai,1,https://www.bikewale.com/dealer-showrooms/ather/vasai/
Maharashtra,Yavatmal,1,https://www.bikewale.com/dealer-showrooms/ather/yavatmal/
Mizoram,Aizawl,1,https://www.bikewale.com/dealer-showrooms/ather/aizawl/
Orissa,Bhubaneswar,2,https://www.bikewale.com/dealer-showrooms/ather/bhubaneswar/
Orissa,Brahmapur,1,https://www.bikewale.com/dealer-showrooms/ather/brahmapur/
Orissa,Cuttack,1,https://www.bikewale.com/dealer-showrooms/ather/cuttack/
Orissa,Rourkela,1,https://www.bikewale.com/dealer-showrooms/ather/rourkela/
Pondicherry,Pondicherry,1,https://www.bikewale.com/dealer-showrooms/ather/pondicherry/
Punjab,Amritsar,1,https://www.bikewale.com/dealer-showrooms/ather/amritsar/
Punjab,Ludhiana,1,https://www.bikewale.com/dealer-showrooms/ather/ludhiana/
Rajasthan,Ajmer,1,https://www.bikewale.com/dealer-showrooms/ather/ajmer/
Rajasthan,Alwar,1,https://www.bikewale.com/dealer-showrooms/ather/alwar/
Rajasthan,Bikaner,1,https://www.bikewale.com/dealer-showrooms/ather/bikaner/
Rajasthan,Jaipur,3,https://www.bikewale.com/dealer-showrooms/ather/jaipur/
Rajasthan,Jodhpur,1,https://www.bikewale.com/dealer-showrooms/ather/jodhpur/
Rajasthan,Kota,1,https://www.bikewale.com/dealer-showrooms/ather/kota/
Rajasthan,Udaipur,2,https://www.bikewale.com/dealer-showrooms/ather/udaipur/
Tamil Nadu,Chengalpattu,1,https://www.bikewale.com/dealer-showrooms/ather/chengalpattu/
Tamil Nadu,Chennai,7,https://www.bikewale.com/dealer-showrooms/ather/chennai/
Tamil Nadu,Coimbatore,3,https://www.bikewale.com/dealer-showrooms/ather/coimbatore/
Tamil Nadu,Dharmapuri,1,https://www.bikewale.com/dealer-showrooms/ather/dharmapuri/
Tamil Nadu,Dindigul,1,https://www.bikewale.com/dealer-showrooms/ather/dindigul/
Tamil Nadu,Erode,1,https://www.bikewale.com/dealer-showrooms/ather/erode/
Tamil Nadu,Hosur,1,https://www.bikewale.com/dealer-showrooms/ather/hosur/
Tamil Nadu,Krishnagiri,1,https://www.bikewale.com/dealer-showrooms/ather/krishnagiri/
Tamil Nadu,Madurai,1,https://www.bikewale.com/dealer-showrooms/ather/madurai/
Tamil Nadu,Nagercoil,1,https://www.bikewale.com/dealer-showrooms/ather/nagercoil/
Tamil Nadu,Namakkal,1,https://www.bikewale.com/dealer-showrooms/ather/namakkal/
Tamil Nadu,Salem,1,https://www.bikewale.com/dealer-showrooms/ather/salem/
Tamil Nadu,Thanjavur,1,https://www.bikewale.com/dealer-showrooms/ather/thanjavur/
Tamil Nadu,Thoothukudi,1,https://www.bikewale.com/dealer-showrooms/ather/thoothukudi/
Tamil Nadu,Tiruchirappalli,1,https://www.bikewale.com/dealer-showrooms/ather/tiruchirappalli/
Tamil Nadu,Tirunelveli,1,https://www.bikewale.com/dealer-showrooms/ather/tirunelveli/
Tamil Nadu,Tiruppur,1,https://www.bikewale.com/dealer-showrooms/ather/tiruppur/
Tamil Nadu,Tiruvannamalai,1,https://www.bikewale.com/dealer-showrooms/ather/tiruvannamalai/
Tamil Nadu,Tuticorin,1,https://www.bikewale.com/dealer-showrooms/ather/tuticorin/
Tamil Nadu,Vellore,1,https://www.bikewale.com/dealer-showrooms/ather/vellore/
Tamil Nadu,Villupuram,1,https://www.bikewale.com/dealer-showrooms/ather/villupuram/
Telangana,Hyderabad,6,https://www.bikewale.com/dealer-showrooms/ather/hyderabad/
Telangana,Karimnagar,2,https://www.bikewale.com/dealer-showrooms/ather/karimnagar/
Telangana,Khammam,1,https://www.bikewale.com/dealer-showrooms/ather/khammam/
Telangana,Mahbubnagar,1,https://www.bikewale.com/dealer-showrooms/ather/mahbubnagar/
Telangana,Miryalaguda,1,https://www.bikewale.com/dealer-showrooms/ather/miryalaguda/
Telangana,Nizamabad,1,https://www.bikewale.com/dealer-showrooms/ather/nizamabad/
Telangana,Secunderabad,1,https://www.bikewale.com/dealer-showrooms/ather/secunderabad/
Telangana,Warangal,1,https://www.bikewale.com/dealer-showrooms/ather/warangal/
Uttar Pradesh,Agra,1,https://www.bikewale.com/dealer-showrooms/ather/agra/
Uttar Pradesh,Aligarh,1,https://www.bikewale.com/dealer-showrooms/ather/aligarh/
Uttar Pradesh,Allahabad,1,https://www.bikewale.com/dealer-showrooms/ather/allahabad/
Uttar Pradesh,Hathras,1,https://www.bikewale.com/dealer-showrooms/ather/hathras/
Uttar Pradesh,Kanpur,2,https://www.bikewale.com/dealer-showrooms/ather/kanpur/
Uttar Pradesh,Lucknow,1,https://www.bikewale.com/dealer-showrooms/ather/lucknow/
Uttar Pradesh,Noida,1,https://www.bikewale.com/dealer-showrooms/ather/noida/
Uttar Pradesh,Saharanpur,1,https://www.bikewale.com/dealer-showrooms/ather/saharanpur/
Uttar Pradesh,Unnao,1,https://www.bikewale.com/dealer-showrooms/ather/unnao/
Uttar Pradesh,Varanasi,1,https://www.bikewale.com/dealer-showrooms/ather/varanasi/
Uttarakhand,Dehradun,1,https://www.bikewale.com/dealer-showrooms/ather/dehradun/
Uttarakhand,Haldwani,1,https://www.bikewale.com/dealer-showrooms/ather/haldwani/
Uttarakhand,Haridwar,1,https://www.bikewale.com/dealer-showrooms/ather/haridwar/
Uttarakhand,Roorkee,1,https://www.bikewale.com/dealer-showrooms/ather/roorkee/
Uttarakhand,Rudrapur,1,https://www.bikewale.com/dealer-showrooms/ather/rudrapur/
West Bengal,Howrah,1,https://www.bikewale.com/dealer-showrooms/ather/howrah/
West Bengal,Kharagpur,1,https://www.bikewale.com/dealer-showrooms/ather/kharagpur/
West Bengal,Kolkata,2,https://www.bikewale.com/dealer-showrooms/ather/kolkata/
West Bengal,Siliguri,1,https://www.bikewale.com/dealer-showrooms/ather/siliguri/
